pred,label
spam,ham
spam,ham
spam,spam
spam,ham
spam,ham
spam,ham
spam,ham
spam,ham
spam,ham
spam,ham
spam,ham
spam,ham
spam,ham
spam,ham
spam,ham
spam,ham
spam,ham
spam,ham
spam,spam
spam,ham
ham,ham
ham,ham
ham,ham
ham,ham
ham,spam
ham,ham
ham,ham
ham,ham
ham,spam
ham,spam
ham,ham
ham,ham
ham,ham
ham,ham
ham,ham
ham,ham
ham,ham
ham,ham
ham,ham
ham,ham
ham,ham
ham,ham
ham,ham
ham,ham
ham,spam
ham,ham
ham,ham
ham,spam
ham,ham
ham,ham
ham,ham
ham,ham
ham,ham
ham,ham
ham,ham
ham,ham
ham,ham
ham,spam
ham,ham
ham,spam
ham,ham
ham,ham
ham,ham
ham,ham
ham,ham
ham,ham
ham,ham
ham,ham
ham,ham
ham,ham
ham,ham
ham,ham
ham,ham
ham,ham
ham,ham
ham,ham
ham,ham
ham,ham
ham,ham
ham,spam
ham,ham
ham,ham
ham,ham
ham,ham
ham,ham
ham,ham
ham,ham
ham,spam
ham,ham
ham,ham
ham,ham
ham,spam
ham,ham
ham,ham
ham,ham
ham,ham
ham,ham
ham,ham
ham,ham
ham,ham
ham,ham
ham,ham
ham,ham
ham,ham
ham,spam
ham,ham
ham,ham
ham,ham
ham,spam
ham,ham
ham,ham
ham,ham
ham,ham
ham,ham
ham,ham
ham,ham
ham,ham
ham,ham
ham,ham
ham,spam
ham,ham
ham,ham
ham,spam
ham,ham
ham,spam
ham,ham
ham,ham
ham,ham
ham,ham
ham,ham
ham,ham
ham,ham
ham,ham
ham,spam
ham,ham
ham,ham
ham,ham
ham,ham
ham,ham
ham,spam
ham,spam
ham,ham
ham,ham
ham,ham
ham,ham
ham,ham
ham,spam
ham,ham
ham,ham
ham,ham
ham,ham
ham,ham
ham,ham
ham,ham
ham,ham
ham,spam
ham,ham
ham,ham
ham,ham
ham,spam
ham,ham
ham,ham
ham,ham
ham,ham
ham,ham
ham,spam
ham,ham
ham,ham
ham,ham
ham,ham
ham,ham
ham,ham
ham,ham
ham,ham
ham,ham
ham,ham
ham,spam
ham,ham
ham,ham
ham,ham
ham,ham
ham,ham
ham,ham
ham,ham
ham,ham
ham,ham
ham,ham
ham,ham
ham,ham
ham,ham
ham,ham
ham,ham
ham,ham
ham,ham
ham,ham
ham,ham
ham,ham
ham,spam
ham,ham
ham,ham
ham,ham
ham,ham
ham,ham
ham,ham
ham,ham
ham,spam
ham,ham
ham,ham
ham,ham
ham,ham
ham,ham
ham,spam
ham,ham
ham,ham
ham,ham
ham,ham
ham,ham
ham,ham
ham,spam
ham,ham
ham,ham
ham,ham
ham,ham
ham,ham
ham,ham
ham,ham
ham,ham
ham,ham
ham,ham
ham,spam
ham,ham
ham,ham
ham,ham
ham,ham
ham,spam
ham,ham
ham,ham
ham,ham
ham,ham
ham,spam
ham,ham
ham,ham
ham,spam
ham,ham
ham,ham
ham,ham
ham,ham
ham,ham
ham,ham
ham,ham
ham,ham
ham,ham
ham,ham
ham,ham
ham,ham
ham,ham
ham,spam
ham,ham
ham,ham
ham,ham
ham,ham
ham,ham
ham,spam
ham,ham
ham,ham
ham,ham
ham,ham
ham,spam
ham,ham
ham,ham
ham,ham
ham,spam
ham,ham
ham,ham
ham,ham
ham,ham
ham,ham
ham,ham
ham,spam
ham,spam
ham,ham
ham,spam
ham,ham
ham,spam
ham,ham
ham,ham
ham,ham
ham,ham
ham,ham
ham,spam
ham,spam
ham,ham
ham,ham
ham,ham
ham,ham
ham,ham
ham,ham
ham,spam
ham,ham
ham,ham
ham,ham
ham,ham
ham,ham
ham,ham
ham,ham
ham,ham
ham,ham
ham,ham
ham,ham
ham,ham
ham,spam
ham,ham
ham,ham
ham,ham
ham,ham
ham,ham
ham,ham
ham,ham
ham,ham
ham,ham
ham,ham
ham,ham
ham,ham
ham,ham
ham,ham
ham,ham
ham,ham
ham,ham
ham,ham
ham,ham
ham,ham
ham,ham
ham,ham
ham,ham
ham,spam
ham,ham
ham,ham
ham,ham
ham,ham
ham,ham
ham,ham
ham,ham
ham,ham
ham,ham
ham,ham
ham,ham
ham,ham
ham,ham
ham,spam
ham,ham
ham,ham
ham,ham
ham,ham
ham,ham
ham,ham
ham,spam
ham,ham
ham,ham
ham,ham
ham,ham
ham,ham
ham,spam
ham,ham
ham,spam
ham,ham
ham,spam
ham,ham
ham,ham
ham,ham
ham,spam
ham,ham
ham,ham
ham,ham
ham,ham
ham,ham
ham,ham
ham,ham
ham,ham
ham,ham
ham,ham
ham,ham
ham,spam
ham,ham
ham,ham
ham,ham
ham,ham
ham,ham
ham,ham
ham,ham
ham,ham
ham,ham
ham,ham
ham,ham
ham,ham
ham,ham
ham,ham
ham,ham
ham,ham
ham,ham
ham,ham
ham,ham
ham,ham
ham,ham
ham,ham
ham,ham
ham,spam
ham,ham
ham,ham
ham,ham
ham,ham
ham,ham
ham,ham
ham,ham
ham,ham
ham,ham
ham,ham
ham,ham
ham,spam
ham,ham
ham,ham
ham,ham
ham,ham
ham,ham
ham,ham
ham,ham
ham,ham
ham,ham
ham,ham
ham,ham
ham,ham
ham,ham
ham,ham
ham,ham
ham,ham
ham,spam
ham,spam
ham,ham
ham,spam
ham,ham
ham,ham
ham,ham
ham,ham
ham,spam
ham,ham
ham,ham
ham,ham
ham,ham
ham,ham
ham,ham
ham,ham
ham,ham
ham,ham
ham,ham
ham,ham
ham,ham
ham,spam
ham,ham
ham,ham
ham,ham
ham,spam
ham,ham
ham,spam
ham,ham
ham,ham
ham,ham
ham,ham
ham,ham
ham,ham
ham,ham
ham,ham
ham,ham
ham,ham
ham,spam
ham,ham
ham,ham
ham,ham
ham,spam
ham,spam
ham,ham
ham,ham
ham,ham
ham,ham
ham,ham
ham,spam
ham,ham
ham,ham
ham,ham
ham,ham
ham,spam
ham,ham
ham,ham
ham,ham
ham,ham
ham,ham
ham,ham
ham,ham
ham,ham
ham,ham
ham,ham
ham,ham
ham,ham
ham,ham
ham,ham
ham,ham
ham,ham
ham,ham
ham,ham
ham,spam
ham,ham
ham,ham
ham,ham
ham,ham
ham,ham
ham,ham
ham,ham
ham,spam
ham,spam
ham,ham
ham,ham
ham,ham
ham,ham
ham,ham
ham,ham
ham,spam
ham,ham
ham,ham
ham,spam
ham,spam
ham,ham
ham,ham
ham,ham
ham,ham
ham,ham
ham,ham
ham,ham
ham,ham
ham,ham
ham,ham
ham,ham
ham,ham
ham,ham
ham,ham
ham,ham
ham,ham
ham,ham
ham,ham
ham,spam
ham,ham
ham,ham
ham,ham
ham,ham
ham,spam
ham,ham
ham,ham
ham,ham
ham,ham
ham,ham
ham,ham
